id,code,name,region_id/id
enderase_admin_zone_ET1401,ET1401,Addis Ababa,enderase_admin_region_ET14
enderase_admin_zone_ET0508,ET0508,Afder,enderase_admin_region_ET05
enderase_admin_zone_ET1202,ET1202,Agnewak,enderase_admin_region_ET12
enderase_admin_zone_ET0806,ET0806,Alle,enderase_admin_region_ET08
enderase_admin_zone_ET0808,ET0808,Amaro,enderase_admin_region_ET08
enderase_admin_zone_ET0408,ET0408,Arsi,enderase_admin_region_ET04
enderase_admin_zone_ET0603,ET0603,Assosa,enderase_admin_region_ET06
enderase_admin_zone_ET0309,ET0309,Awi,enderase_admin_region_ET03
enderase_admin_zone_ET0201,ET0201,Awsi /Zone 1,enderase_admin_region_ET02
enderase_admin_zone_ET0314,ET0314,Bahir Dar,enderase_admin_region_ET03
enderase_admin_zone_ET0411,ET0411,Bale,enderase_admin_region_ET04
enderase_admin_zone_ET0804,ET0804,Basketo,enderase_admin_region_ET08
enderase_admin_zone_ET1103,ET1103,Bench Sheko,enderase_admin_region_ET11
enderase_admin_zone_ET0412,ET0412,Borena,enderase_admin_region_ET04
enderase_admin_zone_ET0416,ET0416,Buno Bedele,enderase_admin_region_ET04
enderase_admin_zone_ET0810,ET0810,Burji,enderase_admin_region_ET08
enderase_admin_zone_ET0102,ET0102,Central,enderase_admin_region_ET01
enderase_admin_zone_ET0311,ET0311,Central Gondar,enderase_admin_region_ET03
enderase_admin_zone_ET0511,ET0511,Daawa,enderase_admin_region_ET05
enderase_admin_zone_ET1104,ET1104,Dawuro,enderase_admin_region_ET11
enderase_admin_zone_ET0807,ET0807,Derashe,enderase_admin_region_ET08
enderase_admin_zone_ET1502,ET1502,Dire Dawa rural,enderase_admin_region_ET15
enderase_admin_zone_ET1501,ET1501,Dire Dawa urban,enderase_admin_region_ET15
enderase_admin_zone_ET0507,ET0507,Doolo,enderase_admin_region_ET05
enderase_admin_zone_ET0421,ET0421,East Bale,enderase_admin_region_ET04
enderase_admin_zone_ET0422,ET0422,East Borena,enderase_admin_region_ET04
enderase_admin_zone_ET0306,ET0306,East Gojam,enderase_admin_region_ET03
enderase_admin_zone_ET0704,ET0704,East Guraghe,enderase_admin_region_ET07
enderase_admin_zone_ET0410,ET0410,East Hararge,enderase_admin_region_ET04
enderase_admin_zone_ET0407,ET0407,East Shewa,enderase_admin_region_ET04
enderase_admin_zone_ET0402,ET0402,East Wellega,enderase_admin_region_ET04
enderase_admin_zone_ET0103,ET0103,Eastern,enderase_admin_region_ET01
enderase_admin_zone_ET0504,ET0504,Erer,enderase_admin_region_ET05
enderase_admin_zone_ET0502,ET0502,Fafan,enderase_admin_region_ET05
enderase_admin_zone_ET0204,ET0204,Fanti /Zone 4,enderase_admin_region_ET02
enderase_admin_zone_ET0203,ET0203,Gabi /Zone 3,enderase_admin_region_ET02
enderase_admin_zone_ET0802,ET0802,Gamo,enderase_admin_region_ET08
enderase_admin_zone_ET0811,ET0811,Gedeo,enderase_admin_region_ET08
enderase_admin_zone_ET0803,ET0803,Gofa,enderase_admin_region_ET08
enderase_admin_zone_ET0414,ET0414,Guji,enderase_admin_region_ET04
enderase_admin_zone_ET0701,ET0701,Guraghe,enderase_admin_region_ET07
enderase_admin_zone_ET0702,ET0702,Hadiya,enderase_admin_region_ET07
enderase_admin_zone_ET0714,ET0714,Halaba,enderase_admin_region_ET07
enderase_admin_zone_ET1301,ET1301,Harari,enderase_admin_region_ET13
enderase_admin_zone_ET0205,ET0205,Hari /Zone 5,enderase_admin_region_ET02
enderase_admin_zone_ET0419,ET0419,Horo Gudru Wellega,enderase_admin_region_ET04
enderase_admin_zone_ET0403,ET0403,Ilu Aba Bora,enderase_admin_region_ET04
enderase_admin_zone_ET1204,ET1204,Itang Special woreda,enderase_admin_region_ET12
enderase_admin_zone_ET0503,ET0503,Jarar,enderase_admin_region_ET05
enderase_admin_zone_ET0404,ET0404,Jimma,enderase_admin_region_ET04
enderase_admin_zone_ET0604,ET0604,Kamashi,enderase_admin_region_ET06
enderase_admin_zone_ET0705,ET0705,Kebena Special,enderase_admin_region_ET07
enderase_admin_zone_ET1102,ET1102,Kefa,enderase_admin_region_ET11
enderase_admin_zone_ET0418,ET0418,Kelem Wellega,enderase_admin_region_ET04
enderase_admin_zone_ET0703,ET0703,Kembata,enderase_admin_region_ET07
enderase_admin_zone_ET0202,ET0202,Kilbati /Zone2,enderase_admin_region_ET02
enderase_admin_zone_ET0809,ET0809,Konso,enderase_admin_region_ET08
enderase_admin_zone_ET1106,ET1106,Konta,enderase_admin_region_ET11
enderase_admin_zone_ET0505,ET0505,Korahe,enderase_admin_region_ET05
enderase_admin_zone_ET0509,ET0509,Liban,enderase_admin_region_ET05
enderase_admin_zone_ET0206,ET0206,Mahi /Zone 6,enderase_admin_region_ET02
enderase_admin_zone_ET1203,ET1203,Majang,enderase_admin_region_ET12
enderase_admin_zone_ET0605,ET0605,Mao Komo Special,enderase_admin_region_ET06
enderase_admin_zone_ET0706,ET0706,Mareko Special,enderase_admin_region_ET07
enderase_admin_zone_ET0107,ET0107,Mekelle,enderase_admin_region_ET01
enderase_admin_zone_ET0602,ET0602,Metekel,enderase_admin_region_ET06
enderase_admin_zone_ET1105,ET1105,Mirab Omo,enderase_admin_region_ET11
enderase_admin_zone_ET0510,ET0510,Nogob,enderase_admin_region_ET05
enderase_admin_zone_ET0313,ET0313,North Gojam,enderase_admin_region_ET03
enderase_admin_zone_ET0301,ET0301,North Gondar,enderase_admin_region_ET03
enderase_admin_zone_ET0305,ET0305,North Shewa (AM),enderase_admin_region_ET03
enderase_admin_zone_ET0406,ET0406,North Shewa (OR),enderase_admin_region_ET04
enderase_admin_zone_ET0303,ET0303,North Wello,enderase_admin_region_ET03
enderase_admin_zone_ET0101,ET0101,North Western,enderase_admin_region_ET01
enderase_admin_zone_ET1201,ET1201,Nuwer,enderase_admin_region_ET12
enderase_admin_zone_ET0310,ET0310,Oromia,enderase_admin_region_ET03
enderase_admin_zone_ET0506,ET0506,Shabelle,enderase_admin_region_ET05
enderase_admin_zone_ET0420,ET0420,Shager,enderase_admin_region_ET04
enderase_admin_zone_ET1101,ET1101,Sheka,enderase_admin_region_ET11
enderase_admin_zone_ET1600,ET1600,Sidama,enderase_admin_region_ET16
enderase_admin_zone_ET0720,ET0720,Siltie,enderase_admin_region_ET07
enderase_admin_zone_ET0501,ET0501,Siti,enderase_admin_region_ET05
enderase_admin_zone_ET0106,ET0106,South Eastern,enderase_admin_region_ET01
enderase_admin_zone_ET0302,ET0302,South Gondar,enderase_admin_region_ET03
enderase_admin_zone_ET0805,ET0805,South Omo Agr,enderase_admin_region_ET08
enderase_admin_zone_ET0812,ET0812,South Omo Pas,enderase_admin_region_ET08
enderase_admin_zone_ET0304,ET0304,South Wello,enderase_admin_region_ET03
enderase_admin_zone_ET0413,ET0413,South West Shewa,enderase_admin_region_ET04
enderase_admin_zone_ET0104,ET0104,Southern,enderase_admin_region_ET01
enderase_admin_zone_ET0707,ET0707,Tembaro Special,enderase_admin_region_ET07
enderase_admin_zone_ET0308,ET0308,Wag Hamra,enderase_admin_region_ET03
enderase_admin_zone_ET0417,ET0417,West Arsi,enderase_admin_region_ET04
enderase_admin_zone_ET0307,ET0307,West Gojam,enderase_admin_region_ET03
enderase_admin_zone_ET0312,ET0312,West Gondar,enderase_admin_region_ET03
enderase_admin_zone_ET0415,ET0415,West Guji,enderase_admin_region_ET04
enderase_admin_zone_ET0409,ET0409,West Hararge,enderase_admin_region_ET04
enderase_admin_zone_ET0405,ET0405,West Shewa,enderase_admin_region_ET04
enderase_admin_zone_ET0401,ET0401,West Wellega,enderase_admin_region_ET04
enderase_admin_zone_ET0105,ET0105,Western,enderase_admin_region_ET01
enderase_admin_zone_ET0801,ET0801,Wolayita,enderase_admin_region_ET08
enderase_admin_zone_ET0724,ET0724,Yem,enderase_admin_region_ET07
